{"cameraMode":{"drawMode":0,"name":"Shaded","section":"Shading Mode"},"sceneLighting":true,"audioPlay":false,"sceneViewState":{"m_AlwaysRefresh":false,"showFog":true,"showSkybox":true,"showFlares":true,"showImageEffects":true,"showParticleSystems":true,"showVisualEffectGraphs":true,"m_FxEnabled":true},"in2DMode":false,"pivot":{"x":224.05580139160157,"y":-566.5196533203125,"z":1725.8170166015625},"rotation":{"x":-0.2105165421962738,"y":0.10332383960485459,"z":-0.022372176870703698,"w":-0.9718865156173706},"size":721.0859985351563,"orthographic":false}